Workbook

Sheet README
A1: On-Chain Transaction Investigation — Suspicious Wallet Fund-Flow Analysis
A3: A no-code blockchain forensics workbook tracing a suspicious inbound transfer of 150 ETH through a 'peel chain' — the classic on-chain layering pattern where a wallet repeatedly splits off small amounts while the bulk of funds continues moving toward a cash-out point.
A5: IMPORTANT DATA NOTE: every address and transaction hash in this workbook is fictional — deterministically generated to look like real hex values, but none correspond to any real blockchain transaction, wallet, exchange, or mixing service. The 'Mixer', 'Exchange Alpha' and 'Exchange Beta' labels are generic illustrative roles, not references to any specific real protocol or company. What IS real is the CSV column structure — it mirrors Etherscan's actual 'Export Transactions' feature exactly, so the analytical approach here transfers directly to a live investigation using a real exported CSV.
A7: How to use this workbook:
A8: 1. 'Address_Book' — every wallet involved in the case and what role it plays.
A9: 2. 'Raw_Transactions' — the 14-transaction case file, in Etherscan's own export format.
A10: 3. 'Fund_Flow_Analysis' — the investigative engine: every transaction enriched with counterparty labels and formula-driven typology flags.
A12: Typologies flagged:
A13: - Peel chain — a small amount split off at each hop while the bulk continues onward, the classic technique for obscuring the total value in motion.
A14: - Mixer interaction — funds sent to a non-custodial mixing service, which breaks deterministic on-chain traceability past that point.
A15: - Exchange cash-out — funds reaching a known exchange deposit address, the point where an off-chain subpoena could identify a real-world identity.
A16: - Rapid layering velocity — hops occurring in quick succession, consistent with automated or scripted fund movement rather than ordinary wallet activity.
... A25: A note on the mixer: this is the one honest limitation that matters most in a real investigation. On-chain analysis can show that 90.0 ETH entered the mixing service and that 88.1 ETH left a withdrawal address from the same service roughly 5 hours later — an amount and timing consistent with the deposit, net of a typical mixer fee. That is a correlation an investigator can document and act on, but it is NOT a deterministic on-chain proof of linkage the way every other hop in this case is. The workbook and the investigation report both flag this distinction explicitly rather than overstating what the blockchain data alone can prove.

Sheet Address_Book
A1: address | B1: label | C1: entity_type | D1: notes
A2: 0x41cf6794ba4200b839c53531555f0f3998df4cbb | B2: Unattributed Source Wallet | C2: Unattributed | D2: Origin of the initial 150.0 ETH inbound transfer; no prior on-chain history consistent with legitimate commercial activity. Possible phishing/scam proceeds based on inflow pattern.
A3: 0xa9491f4c1bf7b0cffbadcba2db8f028e4b3f2867 | B3: Subject Wallet | C3: Subject | D3: Wallet under investigation. Received the initial suspicious inbound transfer and began fund movement within 45 minutes.
A4: 0xd411435a721021cb7aeddf4d2a17fe6c2886edce | B4: Intermediate Wallet 1 | C4: Intermediate | D4: First-hop relay wallet. No prior transaction history before receiving funds in this case.
A5: 0xe618cde218b4942ea477fdc0842004c7034eccbf | B5: Intermediate Wallet 2 | C5: Intermediate | D5: Second-hop relay wallet.
A6: 0x0b376ba92b86cde173e771d9e0196f67e994879e | B6: Intermediate Wallet 3 | C6: Intermediate | D6: Third-hop relay wallet; splits funds between a mixing service and a direct path.
A7: 0x35adcc71f4253aa1c9d55e066f9f94f455509d00 | B7: Peel Wallet A | C7: Peel Recipient | D7: Received a small 'peeled' amount from the Subject Wallet; later consolidated to an exchange deposit address.
A8: 0x6fb424c245eb8726beb7a01b86da3c33242e4628 | B8: Peel Wallet B | C8: Peel Recipient | D8: Received a small 'peeled' amount from Intermediate Wallet 1.
A9: 0x74b6c09c13fc818683fbe392ef0f9e33b18b1823 | B9: Peel Wallet C | C9: Peel Recipient | D9: Received a small 'peeled' amount from Intermediate Wallet 2.
A10: 0xf36d66efd7ec31ea958ad172a27670d604596fe6 | B10: Mixing Service - Deposit Address | C10: Mixer | D10: Known non-custodial mixing service deposit address (generic/illustrative label). Funds sent here cannot be deterministically traced on-chain past this point.
A11: 0xb8dbc8f75bca77f9b9d225d5d3f81bd35cb8e53d | B11: Mixing Service - Withdrawal Address | C11: Mixer | D11: A withdrawal-side address from the same mixing service pool. Correlation to the deposit above is based on timing and amount proximity only — NOT a proven on-chain link.
A12: 0xebc9b532930cb42777690502029973a8c907eeb5 | B12: Consolidation Wallet | C12: Intermediate | D12: Receives funds from both the direct (non-mixed) path and the suspected mixer outflow before final cash-out.
... A14: 0xd521333e61d8f3e7e17a4ba6bda7a480916ed456 | B14: Exchange Beta - Deposit Address | C14: Exchange | D14: Known hot wallet / deposit address cluster attributed to a second centralized exchange (illustrative label 'Exchange Beta'). Secondary cash-out point for peeled amounts.

Sheet Raw_Transactions
A1: Txhash | B1: Blockno | C1: DateTime (UTC) | D1: From | E1: To | F1: Value (ETH) | G1: TxnFee (ETH) | H1: Historical $Price/Eth | I1: Value (USD) | J1: Method
A2: 0x7a10694e97229d8a0d8ff96588926653190d54f2de703b91a5cde3faad506697 | B2: 19281004 | C2: 2026-04-02 09:02:11 | D2: 0x41cf6794ba4200b839c53531555f0f3998df4cbb | E2: 0xa9491f4c1bf7b0cffbadcba2db8f028e4b3f2867 | F2: 150 | G2: 0.0041 | H2: 2410 | I2: 361500 | J2: Transfer
A3: 0x7073968093e899fff80006110147300a3482cecdad8d8ab5bb70bedb5c876b6d | B3: 19281041 | C3: 2026-04-02 09:47:55 | D3: 0xa9491f4c1bf7b0cffbadcba2db8f028e4b3f2867 | E3: 0x35adcc71f4253aa1c9d55e066f9f94f455509d00 | F3: 3.2 | G3: 0.0028 | H3: 2410 | I3: 7712 | J3: Transfer
A4: 0x2a6d2d4a89db759e0e6d0135390a9ba572d510bfaff1cd0b2877c2f43272ab53 | B4: 19281042 | C4: 2026-04-02 09:49:20 | D4: 0xa9491f4c1bf7b0cffbadcba2db8f028e4b3f2867 | E4: 0xd411435a721021cb7aeddf4d2a17fe6c2886edce | F4: 146.5 | G4: 0.0031 | H4: 2410 | I4: 353065 | J4: Transfer
A5: 0xc4ab41e91958f4139d15d20d757faca501fcfa5e4462cc5a4afcaedf5d7e9a9d | B5: 19281098 | C5: 2026-04-02 11:15:02 | D5: 0xd411435a721021cb7aeddf4d2a17fe6c2886edce | E5: 0x6fb424c245eb8726beb7a01b86da3c33242e4628 | F5: 2.75 | G5: 0.0026 | H5: 2410 | I5: 6627.5 | J5: Transfer
A6: 0x7eac2fac3030ebc17c5214b4f25f23edae8859c2151fecd6d6a491074af77740 | B6: 19281099 | C6: 2026-04-02 11:18:47 | D6: 0xd411435a721021cb7aeddf4d2a17fe6c2886edce | E6: 0xe618cde218b4942ea477fdc0842004c7034eccbf | F6: 143.7 | G6: 0.0029 | H6: 2410 | I6: 346317 | J6: Transfer
A7: 0xd031398196014ed9d40cd2dd0547faa1cbf622a7359d3fd3cdd84686c6ebb24f | B7: 19281205 | C7: 2026-04-02 14:40:33 | D7: 0xe618cde218b4942ea477fdc0842004c7034eccbf | E7: 0x74b6c09c13fc818683fbe392ef0f9e33b18b1823 | F7: 1.9 | G7: 0.0024 | H7: 2410 | I7: 4579 | J7: Transfer
A8: 0x3e1f94f29e95acb185b4907e14ffa27027ef1b26475c06153fc1ca448118212f | B8: 19281206 | C8: 2026-04-02 14:44:10 | D8: 0xe618cde218b4942ea477fdc0842004c7034eccbf | E8: 0x0b376ba92b86cde173e771d9e0196f67e994879e | F8: 141.7 | G8: 0.003 | H8: 2410 | I8: 341497 | J8: Transfer
A9: 0xa6121dbdc75af558752b5bc77970b78006f97da30f954dd6bb0081c1bee828bf | B9: 19281512 | C9: 2026-04-02 22:10:05 | D9: 0x0b376ba92b86cde173e771d9e0196f67e994879e | E9: 0xf36d66efd7ec31ea958ad172a27670d604596fe6 | F9: 90 | G9: 0.0052 | H9: 2410 | I9: 216900 | J9: Transfer
A10: 0xc484c568eede20400f188af886d2793b1b01b7e105d6172f284b60e197871d85 | B10: 19281514 | C10: 2026-04-02 22:16:41 | D10: 0x0b376ba92b86cde173e771d9e0196f67e994879e | E10: 0xebc9b532930cb42777690502029973a8c907eeb5 | F10: 51.5 | G10: 0.0033 | H10: 2410 | I10: 124115 | J10: Transfer
A11: 0xab3aba55b08cb31d4f832f990f189e6e1def2287a7c1612d1748e675333fd59e | B11: 19281699 | C11: 2026-04-03 03:30:18 | D11: 0xb8dbc8f75bca77f9b9d225d5d3f81bd35cb8e53d | E11: 0xebc9b532930cb42777690502029973a8c907eeb5 | F11: 88.1 | G11: 0.0047 | H11: 2410 | I11: 212321 | J11: Transfer
A12: 0x2fbaf2b63212613c94e4e64109b11f8426c5bf47f0e50444aa6081d42ed2785a | B12: 19281744 | C12: 2026-04-03 05:05:52 | D12: 0xebc9b532930cb42777690502029973a8c907eeb5 | E12: 0xc2778c246a47f355bfa6354c256725ecdef9a48a | F12: 135 | G12: 0.0061 | H12: 2410 | I12: 325350 | J12: Transfer
A13: 0xffad7f17ef949a6dfe3f042aed5777d10044a0709404b26760146a8be39cd962 | B13: 19281803 | C13: 2026-04-03 08:00:09 | D13: 0x35adcc71f4253aa1c9d55e066f9f94f455509d00 | E13: 0xd521333e61d8f3e7e17a4ba6bda7a480916ed456 | F13: 3.15 | G13: 0.0022 | H13: 2410 | I13: 7591.5 | J13: Transfer
... A15: 0x403907a08a14fd30f79bddf9e94c07be0a084f707a6204d631af216e1160a226 | B15: 19281805 | C15: 2026-04-03 08:11:14 | D15: 0x74b6c09c13fc818683fbe392ef0f9e33b18b1823 | E15: 0xd521333e61d8f3e7e17a4ba6bda7a480916ed456 | F15: 1.85 | G15: 0.002 | H15: 2410 | I15: 4458.5 | J15: Transfer

Sheet Fund_Flow_Analysis
A1: hop | B1: Txhash | C1: DateTime (UTC) | D1: Value (ETH) | E1: from_label | F1: from_type | G1: to_label | H1: to_type | I1: pct_of_case_total | J1: minutes_since_prior_txn | K1: flag_mixer_interaction | L1: flag_exchange_cashout | M1: flag_peel_transaction | N1: flag_rapid_succession | O1: investigative_note
A2: 1 | B2: =Raw_Transactions!A2 -> 0x7a10694e97229d8a0d8ff96588926653190d54f2de703b91a5cde3faad506697 | C2: =Raw_Transactions!C2 -> 2026-04-02 09:02:11 | D2: =Raw_Transactions!F2 -> 150 | E2: =INDEX(Address_Book!$B$2:$B$14,MATCH(Raw_Transactions!D2,Address_Book!$A$2:$A$14,0)) -> Unattributed Source Wallet | F2: =INDEX(Address_Book!$C$2:$C$14,MATCH(Raw_Transactions!D2,Address_Book!$A$2:$A$14,0)) -> Unattributed | G2: =INDEX(Address_Book!$B$2:$B$14,MATCH(Raw_Transactions!E2,Address_Book!$A$2:$A$14,0)) -> Subject Wallet | H2: =INDEX(Address_Book!$C$2:$C$14,MATCH(Raw_Transactions!E2,Address_Book!$A$2:$A$14,0)) -> Subject | I2: =D2/150 -> 1 | J2: 0 | K2: =IF(OR(F2="Mixer",H2="Mixer"),"YES","NO") -> NO | L2: =IF(H2="Exchange","YES - CASH-OUT POINT","NO") -> NO | M2: =IF(AND(H2="Peel Recipient",I2<0.05),"YES","NO") -> NO | N2: =IF(AND(J2>0,J2<120),"YES","NO") -> NO | O2: =IF(K2="YES","Funds enter/exit a mixing service — on-chain trail breaks here; correlation only past this point.",IF(L2<>"NO","Funds reach a known exchange deposit address — subpoena target for off-chain identity.",IF(M2="YES","Small peeled amount split off while bulk continues — classic peel chain layering.",IF(N2="YES","Moved onward within "&J2&" minutes of receipt — consistent with scripted/automated layering.","Bulk transfer continuing the primary chain.")))) -> Bulk transfer continuing the primary chain.
A3: 2 | B3: =Raw_Transactions!A3 -> 0x7073968093e899fff80006110147300a3482cecdad8d8ab5bb70bedb5c876b6d | C3: =Raw_Transactions!C3 -> 2026-04-02 09:47:55 | D3: =Raw_Transactions!F3 -> 3.2 | E3: =INDEX(Address_Book!$B$2:$B$14,MATCH(Raw_Transactions!D3,Address_Book!$A$2:$A$14,0)) -> Subject Wallet | F3: =INDEX(Address_Book!$C$2:$C$14,MATCH(Raw_Transactions!D3,Address_Book!$A$2:$A$14,0)) -> Subject | G3: =INDEX(Address_Book!$B$2:$B$14,MATCH(Raw_Transactions!E3,Address_Book!$A$2:$A$14,0)) -> Peel Wallet A | H3: =INDEX(Address_Book!$C$2:$C$14,MATCH(Raw_Transactions!E3,Address_Book!$A$2:$A$14,0)) -> Peel Recipient | I3: =D3/150 -> 0.021333333 | J3: =ROUND((Raw_Transactions!C3-Raw_Transactions!C2)*24*60,0) -> 46 | K3: =IF(OR(F3="Mixer",H3="Mixer"),"YES","NO") -> NO | L3: =IF(H3="Exchange","YES - CASH-OUT POINT","NO") -> NO | M3: =IF(AND(H3="Peel Recipient",I3<0.05),"YES","NO") -> YES | N3: =IF(AND(J3>0,J3<120),"YES","NO") -> YES | O3: =IF(K3="YES","Funds enter/exit a mixing service — on-chain trail breaks here; correlation only past this point.",IF(L3<>"NO","Funds reach a known exchange deposit address — subpoena target for off-chain identity.",IF(M3="YES","Small peeled amount split off while bulk continues — classic peel chain layering.",IF(N3="YES","Moved onward within "&J3&" minutes of receipt — consistent with scripted/automated layering.","Bulk transfer continuing the primary chain.")))) -> Small peeled amount split off while bulk continues — classic peel chain layering.
A4: 3 | B4: =Raw_Transactions!A4 -> 0x2a6d2d4a89db759e0e6d0135390a9ba572d510bfaff1cd0b2877c2f43272ab53 | C4: =Raw_Transactions!C4 -> 2026-04-02 09:49:20 | D4: =Raw_Transactions!F4 -> 146.5 | E4: =INDEX(Address_Book!$B$2:$B$14,MATCH(Raw_Transactions!D4,Address_Book!$A$2:$A$14,0)) -> Subject Wallet | F4: =INDEX(Address_Book!$C$2:$C$14,MATCH(Raw_Transactions!D4,Address_Book!$A$2:$A$14,0)) -> Subject | G4: =INDEX(Address_Book!$B$2:$B$14,MATCH(Raw_Transactions!E4,Address_Book!$A$2:$A$14,0)) -> Intermediate Wallet 1 | H4: =INDEX(Address_Book!$C$2:$C$14,MATCH(Raw_Transactions!E4,Address_Book!$A$2:$A$14,0)) -> Intermediate | I4: =D4/150 -> 0.97666667 | J4: =ROUND((Raw_Transactions!C4-Raw_Transactions!C3)*24*60,0) -> 1 | K4: =IF(OR(F4="Mixer",H4="Mixer"),"YES","NO") -> NO | L4: =IF(H4="Exchange","YES - CASH-OUT POINT","NO") -> NO | M4: =IF(AND(H4="Peel Recipient",I4<0.05),"YES","NO") -> NO | N4: =IF(AND(J4>0,J4<120),"YES","NO") -> YES | O4: =IF(K4="YES","Funds enter/exit a mixing service — on-chain trail breaks here; correlation only past this point.",IF(L4<>"NO","Funds reach a known exchange deposit address — subpoena target for off-chain identity.",IF(M4="YES","Small peeled amount split off while bulk continues — classic peel chain layering.",IF(N4="YES","Moved onward within "&J4&" minutes of receipt — consistent with scripted/automated layering.","Bulk transfer continuing the primary chain.")))) -> Moved onward within 1 minutes of receipt — consistent with scripted/automated layering.
A5: 4 | B5: =Raw_Transactions!A5 -> 0xc4ab41e91958f4139d15d20d757faca501fcfa5e4462cc5a4afcaedf5d7e9a9d | C5: =Raw_Transactions!C5 -> 2026-04-02 11:15:02 | D5: =Raw_Transactions!F5 -> 2.75 | E5: =INDEX(Address_Book!$B$2:$B$14,MATCH(Raw_Transactions!D5,Address_Book!$A$2:$A$14,0)) -> Intermediate Wallet 1 | F5: =INDEX(Address_Book!$C$2:$C$14,MATCH(Raw_Transactions!D5,Address_Book!$A$2:$A$14,0)) -> Intermediate | G5: =INDEX(Address_Book!$B$2:$B$14,MATCH(Raw_Transactions!E5,Address_Book!$A$2:$A$14,0)) -> Peel Wallet B | H5: =INDEX(Address_Book!$C$2:$C$14,MATCH(Raw_Transactions!E5,Address_Book!$A$2:$A$14,0)) -> Peel Recipient | I5: =D5/150 -> 0.018333333 | J5: =ROUND((Raw_Transactions!C5-Raw_Transactions!C4)*24*60,0) -> 86 | K5: =IF(OR(F5="Mixer",H5="Mixer"),"YES","NO") -> NO | L5: =IF(H5="Exchange","YES - CASH-OUT POINT","NO") -> NO | M5: =IF(AND(H5="Peel Recipient",I5<0.05),"YES","NO") -> YES | N5: =IF(AND(J5>0,J5<120),"YES","NO") -> YES | O5: =IF(K5="YES","Funds enter/exit a mixing service — on-chain trail breaks here; correlation only past this point.",IF(L5<>"NO","Funds reach a known exchange deposit address — subpoena target for off-chain identity.",IF(M5="YES","Small peeled amount split off while bulk continues — classic peel chain layering.",IF(N5="YES","Moved onward within "&J5&" minutes of receipt — consistent with scripted/automated layering.","Bulk transfer continuing the primary chain.")))) -> Small peeled amount split off while bulk continues — classic peel chain layering.
A6: 5 | B6: =Raw_Transactions!A6 -> 0x7eac2fac3030ebc17c5214b4f25f23edae8859c2151fecd6d6a491074af77740 | C6: =Raw_Transactions!C6 -> 2026-04-02 11:18:47 | D6: =Raw_Transactions!F6 -> 143.7 | E6: =INDEX(Address_Book!$B$2:$B$14,MATCH(Raw_Transactions!D6,Address_Book!$A$2:$A$14,0)) -> Intermediate Wallet 1 | F6: =INDEX(Address_Book!$C$2:$C$14,MATCH(Raw_Transactions!D6,Address_Book!$A$2:$A$14,0)) -> Intermediate | G6: =INDEX(Address_Book!$B$2:$B$14,MATCH(Raw_Transactions!E6,Address_Book!$A$2:$A$14,0)) -> Intermediate Wallet 2 | H6: =INDEX(Address_Book!$C$2:$C$14,MATCH(Raw_Transactions!E6,Address_Book!$A$2:$A$14,0)) -> Intermediate | I6: =D6/150 -> 0.958 | J6: =ROUND((Raw_Transactions!C6-Raw_Transactions!C5)*24*60,0) -> 4 | K6: =IF(OR(F6="Mixer",H6="Mixer"),"YES","NO") -> NO | L6: =IF(H6="Exchange","YES - CASH-OUT POINT","NO") -> NO | M6: =IF(AND(H6="Peel Recipient",I6<0.05),"YES","NO") -> NO | N6: =IF(AND(J6>0,J6<120),"YES","NO") -> YES | O6: =IF(K6="YES","Funds enter/exit a mixing service — on-chain trail breaks here; correlation only past this point.",IF(L6<>"NO","Funds reach a known exchange deposit address — subpoena target for off-chain identity.",IF(M6="YES","Small peeled amount split off while bulk continues — classic peel chain layering.",IF(N6="YES","Moved onward within "&J6&" minutes of receipt — consistent with scripted/automated layering.","Bulk transfer continuing the primary chain.")))) -> Moved onward within 4 minutes of receipt — consistent with scripted/automated layering.
A7: 6 | B7: =Raw_Transactions!A7 -> 0xd031398196014ed9d40cd2dd0547faa1cbf622a7359d3fd3cdd84686c6ebb24f | C7: =Raw_Transactions!C7 -> 2026-04-02 14:40:33 | D7: =Raw_Transactions!F7 -> 1.9 | E7: =INDEX(Address_Book!$B$2:$B$14,MATCH(Raw_Transactions!D7,Address_Book!$A$2:$A$14,0)) -> Intermediate Wallet 2 | F7: =INDEX(Address_Book!$C$2:$C$14,MATCH(Raw_Transactions!D7,Address_Book!$A$2:$A$14,0)) -> Intermediate | G7: =INDEX(Address_Book!$B$2:$B$14,MATCH(Raw_Transactions!E7,Address_Book!$A$2:$A$14,0)) -> Peel Wallet C | H7: =INDEX(Address_Book!$C$2:$C$14,MATCH(Raw_Transactions!E7,Address_Book!$A$2:$A$14,0)) -> Peel Recipient | I7: =D7/150 -> 0.012666667 | J7: =ROUND((Raw_Transactions!C7-Raw_Transactions!C6)*24*60,0) -> 202 | K7: =IF(OR(F7="Mixer",H7="Mixer"),"YES","NO") -> NO | L7: =IF(H7="Exchange","YES - CASH-OUT POINT","NO") -> NO | M7: =IF(AND(H7="Peel Recipient",I7<0.05),"YES","NO") -> YES | N7: =IF(AND(J7>0,J7<120),"YES","NO") -> NO | O7: =IF(K7="YES","Funds enter/exit a mixing service — on-chain trail breaks here; correlation only past this point.",IF(L7<>"NO","Funds reach a known exchange deposit address — subpoena target for off-chain identity.",IF(M7="YES","Small peeled amount split off while bulk continues — classic peel chain layering.",IF(N7="YES","Moved onward within "&J7&" minutes of receipt — consistent with scripted/automated layering.","Bulk transfer continuing the primary chain.")))) -> Small peeled amount split off while bulk continues — classic peel chain layering.
A8: 7 | B8: =Raw_Transactions!A8 -> 0x3e1f94f29e95acb185b4907e14ffa27027ef1b26475c06153fc1ca448118212f | C8: =Raw_Transactions!C8 -> 2026-04-02 14:44:10 | D8: =Raw_Transactions!F8 -> 141.7 | E8: =INDEX(Address_Book!$B$2:$B$14,MATCH(Raw_Transactions!D8,Address_Book!$A$2:$A$14,0)) -> Intermediate Wallet 2 | F8: =INDEX(Address_Book!$C$2:$C$14,MATCH(Raw_Transactions!D8,Address_Book!$A$2:$A$14,0)) -> Intermediate | G8: =INDEX(Address_Book!$B$2:$B$14,MATCH(Raw_Transactions!E8,Address_Book!$A$2:$A$14,0)) -> Intermediate Wallet 3 | H8: =INDEX(Address_Book!$C$2:$C$14,MATCH(Raw_Transactions!E8,Address_Book!$A$2:$A$14,0)) -> Intermediate | I8: =D8/150 -> 0.94466667 | J8: =ROUND((Raw_Transactions!C8-Raw_Transactions!C7)*24*60,0) -> 4 | K8: =IF(OR(F8="Mixer",H8="Mixer"),"YES","NO") -> NO | L8: =IF(H8="Exchange","YES - CASH-OUT POINT","NO") -> NO | M8: =IF(AND(H8="Peel Recipient",I8<0.05),"YES","NO") -> NO | N8: =IF(AND(J8>0,J8<120),"YES","NO") -> YES | O8: =IF(K8="YES","Funds enter/exit a mixing service — on-chain trail breaks here; correlation only past this point.",IF(L8<>"NO","Funds reach a known exchange deposit address — subpoena target for off-chain identity.",IF(M8="YES","Small peeled amount split off while bulk continues — classic peel chain layering.",IF(N8="YES","Moved onward within "&J8&" minutes of receipt — consistent with scripted/automated layering.","Bulk transfer continuing the primary chain.")))) -> Moved onward within 4 minutes of receipt — consistent with scripted/automated layering.
A9: 8 | B9: =Raw_Transactions!A9 -> 0xa6121dbdc75af558752b5bc77970b78006f97da30f954dd6bb0081c1bee828bf | C9: =Raw_Transactions!C9 -> 2026-04-02 22:10:05 | D9: =Raw_Transactions!F9 -> 90 | E9: =INDEX(Address_Book!$B$2:$B$14,MATCH(Raw_Transactions!D9,Address_Book!$A$2:$A$14,0)) -> Intermediate Wallet 3 | F9: =INDEX(Address_Book!$C$2:$C$14,MATCH(Raw_Transactions!D9,Address_Book!$A$2:$A$14,0)) -> Intermediate | G9: =INDEX(Address_Book!$B$2:$B$14,MATCH(Raw_Transactions!E9,Address_Book!$A$2:$A$14,0)) -> Mixing Service - Deposit Address | H9: =INDEX(Address_Book!$C$2:$C$14,MATCH(Raw_Transactions!E9,Address_Book!$A$2:$A$14,0)) -> Mixer | I9: =D9/150 -> 0.6 | J9: =ROUND((Raw_Transactions!C9-Raw_Transactions!C8)*24*60,0) -> 446 | K9: =IF(OR(F9="Mixer",H9="Mixer"),"YES","NO") -> YES | L9: =IF(H9="Exchange","YES - CASH-OUT POINT","NO") -> NO | M9: =IF(AND(H9="Peel Recipient",I9<0.05),"YES","NO") -> NO | N9: =IF(AND(J9>0,J9<120),"YES","NO") -> NO | O9: =IF(K9="YES","Funds enter/exit a mixing service — on-chain trail breaks here; correlation only past this point.",IF(L9<>"NO","Funds reach a known exchange deposit address — subpoena target for off-chain identity.",IF(M9="YES","Small peeled amount split off while bulk continues — classic peel chain layering.",IF(N9="YES","Moved onward within "&J9&" minutes of receipt — consistent with scripted/automated layering.","Bulk transfer continuing the primary chain.")))) -> Funds enter/exit a mixing service — on-chain trail breaks here; correlation only past this point.
A10: 9 | B10: =Raw_Transactions!A10 -> 0xc484c568eede20400f188af886d2793b1b01b7e105d6172f284b60e197871d85 | C10: =Raw_Transactions!C10 -> 2026-04-02 22:16:41 | D10: =Raw_Transactions!F10 -> 51.5 | E10: =INDEX(Address_Book!$B$2:$B$14,MATCH(Raw_Transactions!D10,Address_Book!$A$2:$A$14,0)) -> Intermediate Wallet 3 | F10: =INDEX(Address_Book!$C$2:$C$14,MATCH(Raw_Transactions!D10,Address_Book!$A$2:$A$14,0)) -> Intermediate | G10: =INDEX(Address_Book!$B$2:$B$14,MATCH(Raw_Transactions!E10,Address_Book!$A$2:$A$14,0)) -> Consolidation Wallet | H10: =INDEX(Address_Book!$C$2:$C$14,MATCH(Raw_Transactions!E10,Address_Book!$A$2:$A$14,0)) -> Intermediate | I10: =D10/150 -> 0.34333333 | J10: =ROUND((Raw_Transactions!C10-Raw_Transactions!C9)*24*60,0) -> 7 | K10: =IF(OR(F10="Mixer",H10="Mixer"),"YES","NO") -> NO | L10: =IF(H10="Exchange","YES - CASH-OUT POINT","NO") -> NO | M10: =IF(AND(H10="Peel Recipient",I10<0.05),"YES","NO") -> NO | N10: =IF(AND(J10>0,J10<120),"YES","NO") -> YES | O10: =IF(K10="YES","Funds enter/exit a mixing service — on-chain trail breaks here; correlation only past this point.",IF(L10<>"NO","Funds reach a known exchange deposit address — subpoena target for off-chain identity.",IF(M10="YES","Small peeled amount split off while bulk continues — classic peel chain layering.",IF(N10="YES","Moved onward within "&J10&" minutes of receipt — consistent with scripted/automated layering.","Bulk transfer continuing the primary chain.")))) -> Moved onward within 7 minutes of receipt — consistent with scripted/automated layering.
A11: 10 | B11: =Raw_Transactions!A11 -> 0xab3aba55b08cb31d4f832f990f189e6e1def2287a7c1612d1748e675333fd59e | C11: =Raw_Transactions!C11 -> 2026-04-03 03:30:18 | D11: =Raw_Transactions!F11 -> 88.1 | E11: =INDEX(Address_Book!$B$2:$B$14,MATCH(Raw_Transactions!D11,Address_Book!$A$2:$A$14,0)) -> Mixing Service - Withdrawal Address | F11: =INDEX(Address_Book!$C$2:$C$14,MATCH(Raw_Transactions!D11,Address_Book!$A$2:$A$14,0)) -> Mixer | G11: =INDEX(Address_Book!$B$2:$B$14,MATCH(Raw_Transactions!E11,Address_Book!$A$2:$A$14,0)) -> Consolidation Wallet | H11: =INDEX(Address_Book!$C$2:$C$14,MATCH(Raw_Transactions!E11,Address_Book!$A$2:$A$14,0)) -> Intermediate | I11: =D11/150 -> 0.58733333 | J11: =ROUND((Raw_Transactions!C11-Raw_Transactions!C10)*24*60,0) -> 314 | K11: =IF(OR(F11="Mixer",H11="Mixer"),"YES","NO") -> YES | L11: =IF(H11="Exchange","YES - CASH-OUT POINT","NO") -> NO | M11: =IF(AND(H11="Peel Recipient",I11<0.05),"YES","NO") -> NO | N11: =IF(AND(J11>0,J11<120),"YES","NO") -> NO | O11: =IF(K11="YES","Funds enter/exit a mixing service — on-chain trail breaks here; correlation only past this point.",IF(L11<>"NO","Funds reach a known exchange deposit address — subpoena target for off-chain identity.",IF(M11="YES","Small peeled amount split off while bulk continues — classic peel chain layering.",IF(N11="YES","Moved onward within "&J11&" minutes of receipt — consistent with scripted/automated layering.","Bulk transfer continuing the primary chain.")))) -> Funds enter/exit a mixing service — on-chain trail breaks here; correlation only past this point.
A12: 11 | B12: =Raw_Transactions!A12 -> 0x2fbaf2b63212613c94e4e64109b11f8426c5bf47f0e50444aa6081d42ed2785a | C12: =Raw_Transactions!C12 -> 2026-04-03 05:05:52 | D12: =Raw_Transactions!F12 -> 135 | E12: =INDEX(Address_Book!$B$2:$B$14,MATCH(Raw_Transactions!D12,Address_Book!$A$2:$A$14,0)) -> Consolidation Wallet | F12: =INDEX(Address_Book!$C$2:$C$14,MATCH(Raw_Transactions!D12,Address_Book!$A$2:$A$14,0)) -> Intermediate | G12: =INDEX(Address_Book!$B$2:$B$14,MATCH(Raw_Transactions!E12,Address_Book!$A$2:$A$14,0)) -> Exchange Alpha - Deposit Address | H12: =INDEX(Address_Book!$C$2:$C$14,MATCH(Raw_Transactions!E12,Address_Book!$A$2:$A$14,0)) -> Exchange | I12: =D12/150 -> 0.9 | J12: =ROUND((Raw_Transactions!C12-Raw_Transactions!C11)*24*60,0) -> 96 | K12: =IF(OR(F12="Mixer",H12="Mixer"),"YES","NO") -> NO | L12: =IF(H12="Exchange","YES - CASH-OUT POINT","NO") -> YES - CASH-OUT POINT | M12: =IF(AND(H12="Peel Recipient",I12<0.05),"YES","NO") -> NO | N12: =IF(AND(J12>0,J12<120),"YES","NO") -> YES | O12: =IF(K12="YES","Funds enter/exit a mixing service — on-chain trail breaks here; correlation only past this point.",IF(L12<>"NO","Funds reach a known exchange deposit address — subpoena target for off-chain identity.",IF(M12="YES","Small peeled amount split off while bulk continues — classic peel chain layering.",IF(N12="YES","Moved onward within "&J12&" minutes of receipt — consistent with scripted/automated layering.","Bulk transfer continuing the primary chain.")))) -> Funds reach a known exchange deposit address — subpoena target for off-chain identity.
A13: 12 | B13: =Raw_Transactions!A13 -> 0xffad7f17ef949a6dfe3f042aed5777d10044a0709404b26760146a8be39cd962 | C13: =Raw_Transactions!C13 -> 2026-04-03 08:00:09 | D13: =Raw_Transactions!F13 -> 3.15 | E13: =INDEX(Address_Book!$B$2:$B$14,MATCH(Raw_Transactions!D13,Address_Book!$A$2:$A$14,0)) -> Peel Wallet A | F13: =INDEX(Address_Book!$C$2:$C$14,MATCH(Raw_Transactions!D13,Address_Book!$A$2:$A$14,0)) -> Peel Recipient | G13: =INDEX(Address_Book!$B$2:$B$14,MATCH(Raw_Transactions!E13,Address_Book!$A$2:$A$14,0)) -> Exchange Beta - Deposit Address | H13: =INDEX(Address_Book!$C$2:$C$14,MATCH(Raw_Transactions!E13,Address_Book!$A$2:$A$14,0)) -> Exchange | I13: =D13/150 -> 0.021 | J13: =ROUND((Raw_Transactions!C13-Raw_Transactions!C12)*24*60,0) -> 174 | K13: =IF(OR(F13="Mixer",H13="Mixer"),"YES","NO") -> NO | L13: =IF(H13="Exchange","YES - CASH-OUT POINT","NO") -> YES - CASH-OUT POINT | M13: =IF(AND(H13="Peel Recipient",I13<0.05),"YES","NO") -> NO | N13: =IF(AND(J13>0,J13<120),"YES","NO") -> NO | O13: =IF(K13="YES","Funds enter/exit a mixing service — on-chain trail breaks here; correlation only past this point.",IF(L13<>"NO","Funds reach a known exchange deposit address — subpoena target for off-chain identity.",IF(M13="YES","Small peeled amount split off while bulk continues — classic peel chain layering.",IF(N13="YES","Moved onward within "&J13&" minutes of receipt — consistent with scripted/automated layering.","Bulk transfer continuing the primary chain.")))) -> Funds reach a known exchange deposit address — subpoena target for off-chain identity.
A14: 13 | B14: =Raw_Transactions!A14 -> 0x78aa18076941e938503eb54036aca0d877590909c7c6894aaff45650cae5f655 | C14: =Raw_Transactions!C14 -> 2026-04-03 08:05:37 | D14: =Raw_Transactions!F14 -> 2.7 | E14: =INDEX(Address_Book!$B$2:$B$14,MATCH(Raw_Transactions!D14,Address_Book!$A$2:$A$14,0)) -> Peel Wallet B | F14: =INDEX(Address_Book!$C$2:$C$14,MATCH(Raw_Transactions!D14,Address_Book!$A$2:$A$14,0)) -> Peel Recipient | G14: =INDEX(Address_Book!$B$2:$B$14,MATCH(Raw_Transactions!E14,Address_Book!$A$2:$A$14,0)) -> Exchange Beta - Deposit Address | H14: =INDEX(Address_Book!$C$2:$C$14,MATCH(Raw_Transactions!E14,Address_Book!$A$2:$A$14,0)) -> Exchange | I14: =D14/150 -> 0.018 | J14: =ROUND((Raw_Transactions!C14-Raw_Transactions!C13)*24*60,0) -> 5 | K14: =IF(OR(F14="Mixer",H14="Mixer"),"YES","NO") -> NO | L14: =IF(H14="Exchange","YES - CASH-OUT POINT","NO") -> YES - CASH-OUT POINT | M14: =IF(AND(H14="Peel Recipient",I14<0.05),"YES","NO") -> NO | N14: =IF(AND(J14>0,J14<120),"YES","NO") -> YES | O14: =IF(K14="YES","Funds enter/exit a mixing service — on-chain trail breaks here; correlation only past this point.",IF(L14<>"NO","Funds reach a known exchange deposit address — subpoena target for off-chain identity.",IF(M14="YES","Small peeled amount split off while bulk continues — classic peel chain layering.",IF(N14="YES","Moved onward within "&J14&" minutes of receipt — consistent with scripted/automated layering.","Bulk transfer continuing the primary chain.")))) -> Funds reach a known exchange deposit address — subpoena target for off-chain identity.
A15: 14 | B15: =Raw_Transactions!A15 -> 0x403907a08a14fd30f79bddf9e94c07be0a084f707a6204d631af216e1160a226 | C15: =Raw_Transactions!C15 -> 2026-04-03 08:11:14 | D15: =Raw_Transactions!F15 -> 1.85 | E15: =INDEX(Address_Book!$B$2:$B$14,MATCH(Raw_Transactions!D15,Address_Book!$A$2:$A$14,0)) -> Peel Wallet C | F15: =INDEX(Address_Book!$C$2:$C$14,MATCH(Raw_Transactions!D15,Address_Book!$A$2:$A$14,0)) -> Peel Recipient | G15: =INDEX(Address_Book!$B$2:$B$14,MATCH(Raw_Transactions!E15,Address_Book!$A$2:$A$14,0)) -> Exchange Beta - Deposit Address | H15: =INDEX(Address_Book!$C$2:$C$14,MATCH(Raw_Transactions!E15,Address_Book!$A$2:$A$14,0)) -> Exchange | I15: =D15/150 -> 0.012333333 | J15: =ROUND((Raw_Transactions!C15-Raw_Transactions!C14)*24*60,0) -> 6 | K15: =IF(OR(F15="Mixer",H15="Mixer"),"YES","NO") -> NO | L15: =IF(H15="Exchange","YES - CASH-OUT POINT","NO") -> YES - CASH-OUT POINT | M15: =IF(AND(H15="Peel Recipient",I15<0.05),"YES","NO") -> NO | N15: =IF(AND(J15>0,J15<120),"YES","NO") -> YES | O15: =IF(K15="YES","Funds enter/exit a mixing service — on-chain trail breaks here; correlation only past this point.",IF(L15<>"NO","Funds reach a known exchange deposit address — subpoena target for off-chain identity.",IF(M15="YES","Small peeled amount split off while bulk continues — classic peel chain layering.",IF(N15="YES","Moved onward within "&J15&" minutes of receipt — consistent with scripted/automated layering.","Bulk transfer continuing the primary chain.")))) -> Funds reach a known exchange deposit address — subpoena target for off-chain identity.
